{
  "timestamp": "2026-06-30T21:09:26.159970+00:00",
  "total_evaluations": 432,
  "summary_stats": {
    "overall": {
      "TOTAL": 432,
      "PASS": 160,
      "FAIL": 188,
      "ERROR": 84,
      "SKIPPED": 0,
      "pass_rate": 37.03703703703704,
      "fail_rate": 43.51851851851852,
      "error_rate": 19.444444444444446
    },
    "by_metric": {
      "ragas:context_precision_with_reference": {
        "pass": 36,
        "fail": 51,
        "error": 21,
        "skipped": 0,
        "pass_rate": 33.33333333333333,
        "fail_rate": 47.22222222222222,
        "error_rate": 19.444444444444446,
        "skipped_rate": 0.0,
        "score_statistics": {
          "count": 87,
          "mean": 0.4434865900147031,
          "median": 0.0,
          "std": 0.47947104466841306,
          "min": 0.0,
          "max": 0.9999999999666667,
          "confidence_interval": {
            "low": 0.3438697317798228,
            "mean": 0.4425287356098659,
            "high": 0.5421455938391834,
            "confidence_level": 95.0
          }
        }
      },
      "ragas:context_precision_without_reference": {
        "pass": 50,
        "fail": 37,
        "error": 21,
        "skipped": 0,
        "pass_rate": 46.2962962962963,
        "fail_rate": 34.25925925925926,
        "error_rate": 19.444444444444446,
        "skipped_rate": 0.0,
        "score_statistics": {
          "count": 87,
          "mean": 0.6091954022673371,
          "median": 0.9999999999,
          "std": 0.46281465738414,
          "min": 0.0,
          "max": 0.9999999999666667,
          "confidence_interval": {
            "low": 0.5143678160670976,
            "mean": 0.6101532566731322,
            "high": 0.7059386972799353,
            "confidence_level": 95.0
          }
        }
      },
      "ragas:context_recall": {
        "pass": 26,
        "fail": 61,
        "error": 21,
        "skipped": 0,
        "pass_rate": 24.074074074074073,
        "fail_rate": 56.481481481481474,
        "error_rate": 19.444444444444446,
        "skipped_rate": 0.0,
        "score_statistics": {
          "count": 87,
          "mean": 0.4013409961685824,
          "median": 0.0,
          "std": 0.4450649459822112,
          "min": 0.0,
          "max": 1.0,
          "confidence_interval": {
            "low": 0.3065134099616859,
            "mean": 0.4013409961685824,
            "high": 0.4932950191570882,
            "confidence_level": 95.0
          }
        }
      },
      "ragas:context_relevance": {
        "pass": 48,
        "fail": 39,
        "error": 21,
        "skipped": 0,
        "pass_rate": 44.44444444444444,
        "fail_rate": 36.11111111111111,
        "error_rate": 19.444444444444446,
        "skipped_rate": 0.0,
        "score_statistics": {
          "count": 87,
          "mean": 0.6522988505747126,
          "median": 1.0,
          "std": 0.4059089746437468,
          "min": 0.0,
          "max": 1.0,
          "confidence_interval": {
            "low": 0.5689655172413792,
            "mean": 0.6522988505747126,
            "high": 0.7385057471264367,
            "confidence_level": 95.0
          }
        }
      }
    }
  }
}
